Time,1_mean,2_mean,1_std,2_std
1,3,4,0.816496580927726,0.816496580927726
2,6,7,0.816496580927726,0.816496580927726
3,9,10,0.816496580927726,0.816496580927726
